drug,1,2,3,4,5,6,7,8,9,10,11,12,13,14,15,16,17,18,19,20,21,22,23,24,25,26,27,28,29,30,31,32,33,34,35,36,37,38,39,40,41,42,43,44,45,46,47,48,49,50,51,52,53,54,55,56,57,58,59,60,61,62,63,64,65,66,67,68,69,70,71,72,73,74,75,76,77,78,79,80,81,82,83,84,85,86,87,88,89,90,91,92,93,94,95,96,97,98,99,100,101,102,103,104,105,106,107,108,109,110,111,112,113,114,115,116,117,118,119,120,121,122,123,124,125,126,127,128
BORTEZOMIB,0.18966812,0.5388647,1.5640863999999999,-0.03826738,-1.4185014,-1.9468005000000002,-0.25604498,1.0408171,0.7096245,-0.66416407,0.6535082,1.1505185,-0.89670306,-0.087480545,-4.1195703,1.0866132,0.2095723,0.060208372999999996,1.0703764999999998,-5.187091400000001,0.5574838000000001,1.6575119999999999,-2.1701026000000003,2.0511327,0.6440854,0.8077012,0.95680046,-1.3927163999999999,0.62019545,0.92370945,-0.17147174,2.1965716,3.2559028,-1.0649313,0.8852609,2.5291479,-3.2260063,1.119478,3.4652731,0.38510659999999997,0.69746447,-0.7024977,-1.1367979,-0.58719003,-0.5812571999999999,-0.8995908000000001,-0.16660870000000003,2.1263607,-0.00432723,-1.5080091999999998,1.7245282,1.4500263,-3.6872647000000005,-0.043815352,1.0992441000000002,1.0587146,0.2532834,-2.996591,2.1635914,1.6116903,-2.0301535,0.11298129,5.2101120000000005,-0.6844671999999999,2.0477161,0.14479494,0.9747,0.72715956,0.4042945,1.0480601999999999,3.2388024,-0.8651376000000001,-1.1993316,-1.2416065,-1.6399286,1.3542877,1.8447431,0.045461252,-2.3266953999999997,-0.57356703,-0.5657536999999999,-2.115796,-2.2310035,0.07371677,0.12456548,0.98140055,-1.5446855,0.8643126,-0.77451414,-1.2906718000000001,-0.03310883,2.3431556000000002,1.9271502,2.3253052000000003,-0.59610987,-0.43694928,-0.62793535,1.1763647,0.04969559,-1.1877311000000002,1.174139,-2.1921932999999996,1.516367,0.96351796,1.1261164,1.3648616000000002,-1.7800881000000002,-0.09955113,-1.2516633,-2.1854491,-3.6600828,0.20740561,-1.3606056999999998,-2.5307492999999996,-1.4686323000000001,1.6627796000000001,-1.3874953,-0.7397179,-0.41407704,-0.3894194,-0.4652453,-1.235095,-0.72858447,0.41083980000000003,-0.34391946,1.8783523000000002,-1.5944593,0.46798977
MITOMYCINE,0.58379906,0.8184672,-2.1937861,2.0305436,2.6326772999999997,2.1023402,1.1613481,-1.8871423999999999,-0.111422054,1.3973196,1.9532557000000002,2.9013472,-3.5712367999999994,-0.19680333,-1.1303116000000002,-0.82990134,2.5959456000000003,-2.7285334999999997,-2.1548789,1.4025408000000001,2.54351,-3.016481,0.7260423,0.68119216,3.2147197999999997,5.946375,0.6829268000000001,1.6302086,2.8945103,-1.2246952,-0.17279449,3.4477919999999997,-1.5483892,-1.6487403000000003,-2.8712676,1.2536668,1.1169257,-1.2323676000000001,-0.9048689,-2.9781864,3.5024927000000003,-1.091896,1.149656,-0.8229257999999999,-1.6762869999999999,-3.5801892,0.15102583,-0.99127305,3.0034833,-1.0700908000000002,-1.9517908,0.377603,-0.86868715,-0.5957871,2.0287610000000003,0.9994521999999999,0.12506694,2.633565,-1.3727394,1.3908961000000002,0.31075826,0.015400436000000002,-2.2291281,-2.0733988,0.30822915,-2.0619419,-0.39202309999999996,2.041417,1.3310053,-3.0545895,1.3004056,-2.229853,-1.7167343999999998,-1.7271073000000001,-2.5395423999999998,0.51692504,0.17936718,-0.45401767,0.35564850000000003,0.28622752,2.2097623,-0.32227987,1.9726342000000001,0.29661688,0.43243247,-0.2570598,0.0035823416,1.2866379,-4.373356299999999,-4.0201516,2.733716,-1.5186347,1.367789,1.6036608,-1.1065288,-0.18623579,-1.2416589,0.6855032,2.2380183,2.3587337,1.4912201,2.7058582,0.7627267,1.7298628,0.7006545999999999,-2.5918753,-0.47286066,-0.7086803,1.1797408999999999,-3.8014980000000005,1.1132758999999999,1.0089386999999999,-0.698905,-2.6101229999999997,-1.1754332,-1.4181107,-4.0267935,0.08305548,2.4296455000000003,-2.3775623,3.883947,0.66106224,-0.12509534,-1.6885700000000001,3.5976405,0.061880899999999996,-1.6404195,0.0037063359999999997
METFORMIN,-0.89908385,-0.19298127,-1.2695626,-0.6211196999999999,-0.28024083,0.1020688,-0.3137545,-1.2477999,0.36195907,0.30479429999999996,-0.17278658,-0.57454455,0.48142958,1.0834707000000001,-0.8334475,0.506662,0.89459884,-0.56063443,-0.6583915,-1.2904496,-0.43085694,-2.3301315,0.80741894,-1.4051987,-2.1912992,-0.56312084,-0.3318958,-1.5659437,-0.98364455,0.55481637,0.1997712,1.2284325,0.70950645,-1.3781486,-0.57938683,0.27566153,0.35217625,-0.14004764,-0.26676659999999996,-0.8677943000000001,1.3960162,0.5925674,-0.051359203,0.89969534,0.35380402,-0.7731385000000001,0.11525983,0.12243049,0.20343085,-0.7218498000000001,-0.36027044,-0.06455253,-0.16033301,1.0875237,-0.9925784,0.36755082,0.2959299,0.66597176,-0.55689806,-1.0622473999999997,-1.1123648000000002,0.63655454,-0.57281893,0.43502170000000007,-0.18912368,-1.0959611,-0.17703323,0.37015796,-0.9959710999999999,0.12527591,-0.03590762,2.034144,0.15819508,-0.48462296,-1.8334279999999998,0.07654144,0.45065725,-1.0409111999999998,0.5652618,0.71371233,1.0155386,-1.0605283,-0.5980551,-0.07566275,0.21856971,-0.34431136,-0.22528331,0.32344052,1.3482926000000002,-0.5896788000000001,0.011725679,0.97742575,1.046419,-0.10269191,0.54881626,-1.5775371999999999,-0.533704,-1.1335629999999999,0.17814481,-0.059611112,-0.74913555,-0.35967082,-0.220664,-0.48632652,0.11587026,-0.07472982,-0.46282634,-1.4682191999999998,-0.34725344,-0.33531493,-0.00071839243,-0.5451915,-0.2776655,-0.13161871,1.0729574,0.11170104,-0.11377446,-1.0290619,-0.51359797,-1.0374321,1.5992115,0.40397167,-2.0424066,0.5245966,1.13725,-0.358981,-0.55905676,1.4145857
VINORELBINE,-2.8382227,4.897028400000001,-5.287399,2.734108,1.6801398,1.7682096999999999,5.0561275000000006,3.1139567,-0.32151654,-2.7973784999999998,-1.2885575,1.3411181,-2.0600421000000004,-4.089309,0.031764533,-4.407565,1.0189434000000002,2.0844526,2.8913305,7.545649000000001,-1.0913935,-2.7483885,4.633776999999999,1.3534012,-2.0188363000000003,3.0252060000000003,-2.478552,5.581156299999999,1.7515049999999999,2.8655338,-0.34101993,-4.903291,4.0401917,0.83190364,-1.4993074,-0.45834723,1.4406506000000001,0.9614625,7.4500785,3.2474939999999997,4.3221169999999995,-2.9886837,8.706852,-4.9398203,0.58226985,-0.45517522,2.9431055,4.4217033,-1.4939554,0.6866863000000001,1.141836,-3.9367952000000006,-3.9448016000000004,4.453736,-4.113299,3.4304876,-2.8189716000000002,2.257045,3.0971484,-3.0271149,1.168094,-0.71027005,-3.018336,-4.013978,-3.6677367999999997,-1.3452255,-2.562967,-0.6898885,5.2484484,0.17428951,1.5694251000000001,-5.62103,-2.909691,0.5673401,-2.8009527000000003,3.8876755,-0.5267881,1.2524619,-4.6375747,1.2403191,-4.6138334,3.3351898,0.8037472,-2.2894742000000003,4.0041566,-6.6435595,1.6343803,-0.45101622,-1.6675968,-2.479217,0.931225,3.383557,0.50314057,2.198219,-0.7772772,-0.44209063,-1.1070349,4.07149,-1.890196,-0.7837888000000001,-5.879883,3.8935623,-0.766854,0.59459233,-3.3424410000000004,-1.3004323999999998,-0.062056966,0.68563414,5.797946499999999,-2.0566983,-6.1389112,3.3589272000000006,-1.6453552,1.2216343,6.2011642,-2.5059457000000003,-1.5996376,-3.1509313999999997,-3.3367236000000005,-2.6769477999999998,4.896052,-5.572973,-1.8013824,-3.9804418,-1.4507295,2.0857055,2.791045,-3.4112419999999997
SORAFENIB,0.45408544,-0.44896734,1.626191,-1.569616,-1.537769,1.1543839,-4.7137127,0.22427839,0.98806,-2.4963102000000004,0.8216562,-1.1611313,-2.0421386000000004,-2.558694,-0.85157293,0.23341236,2.281261,-3.7065113,0.011174528000000001,-0.74435765,-1.0210314,2.5397189,3.2043996,3.299087,-4.1873426,-0.13707986,-1.9859868000000003,-1.7640231,1.4529755,-2.0738463,0.5837434,0.6827588000000001,-2.776308,-1.1945767,-1.7618884,-2.7926363999999997,0.85836816,1.463563,-1.2922361,-3.999367,0.47436809999999996,1.3140163,2.2137156000000004,1.7137188,-0.24111402,0.9019185,-1.7789243000000001,-0.4882351,0.7331278,0.016026378,-0.3792042,-0.0355499,-1.3419801000000002,-3.3042165999999997,2.6852232999999996,-0.04152185,-3.4762638,0.9050643,-2.3013,-2.9416057999999996,-1.5098046999999999,0.41434243,-0.467794,0.88122857,1.4901361000000002,2.9034677,1.9266857,-2.1505837000000003,-0.9349437,1.1664348999999998,-2.2792692000000003,-0.35783464,-1.3102491000000003,-1.6870298,0.84439856,1.4265121,-0.19418605,-2.8014584,-1.9827795,-1.5017208999999998,0.22822765,4.2069364,-2.1307766,1.2675009,-0.17293733,4.1018042999999995,-2.0860305,-1.2306101,-2.5456307000000002,-1.017447,-0.10360367599999999,2.3281066000000004,-2.4268572,-1.2017997999999999,1.260186,0.10184543,0.10139184400000001,1.0474296,-1.4017537,-1.9151523000000001,-0.058891177,-1.3449616000000002,0.051571965,-1.9425952000000002,3.8777517999999995,0.61291105,1.5303338,3.7785566,0.25214708,-0.29500540000000003,0.21448407,0.30311546,-1.9933506999999997,0.38090774,2.0159206000000003,2.6561053,-1.7697173,-3.0806093,0.012273006000000001,-0.83011365,-0.21631947,1.7175324,-2.321798,0.63520277,-0.8108850000000001,-1.3156872,-4.4439993,0.39267978
GEMCITABINE,-0.41728818,-1.1602953999999999,-1.7682080000000002,-0.21264789999999997,0.111042544,-1.8232388,-0.04996206,0.94841695,-1.5765964,-0.9499445,0.65875155,-0.0047403015,-0.8574484,-0.85920596,0.13586205,1.0745683000000001,-0.023154233,-2.1454957,-0.6113856,-3.762953,-0.3814587,-2.19798,-1.619475,0.46551415,-0.5320159000000001,1.5619513,2.4293022,-0.66105473,0.6812519,-0.70009744,0.47325134,3.1429148,0.22606051,1.5574187,1.2587357,-2.101943,1.598902,0.6202506,-1.0527965,-1.9635372,0.3959583,-2.7365706000000003,0.22756279,-0.14537677,0.32976547,0.9344258,-1.4188618999999998,0.2149584,-0.3951618,-3.6954290000000003,0.9070389000000001,0.36076018,1.9146789,-0.13717014,2.0395381,-2.574334,-0.29806656,1.6825525000000001,0.7318670999999999,-1.1114142,-1.4845165,-1.1760311,0.49331188,0.044510825999999996,-3.1976945,-1.9700348,1.2704291,2.3869022999999996,0.10924008,0.75935876,-1.7923973999999998,-0.6395365,-0.17235243,0.293072,0.0060707703,1.2815496000000002,-0.69220793,1.87687,-1.5549568,-0.8969176999999999,-0.6163010999999999,1.0515217,-0.6728284999999999,0.6817382,0.23641489999999998,2.6265635,-1.8557373,0.32752040000000004,-0.5771101,-4.624861,-0.33303119999999997,-2.178491,-1.1794243999999998,0.964158,-0.19538254,0.40306467,0.62426174,2.1859257000000003,-0.07539177,-0.51060313,-1.1523565,-0.77543503,-0.34879905,-0.36825576,-0.798884,-0.12169026,-1.3544581,-1.3491225,2.6685,1.9718679000000001,0.22448258,0.7925146,0.1682146,-0.47799978,0.038957074,-0.057653688,-1.2830257,1.9170166000000002,-0.6619338,0.09716157,1.5593157,-0.43759578,0.080498494,-2.2710445,-1.9822398,-2.158169,-0.36952898,0.2804379
OXALIPLATIN,-1.2084895,0.7355379,-2.0096586,1.5863976,-2.5609481,-0.54993576,0.7814489,-2.452954,0.05454168,-0.40223208,0.47695988,-1.4067347,2.1898227,0.095699206,-2.5507693,0.25011083,-2.645261,0.25322992,0.8734036000000001,-0.20575382,3.6330779000000004,0.9035915000000001,-0.8663658000000001,1.3851468999999998,0.08075287,1.1211026000000002,-1.2728959999999998,-0.39930573,-0.8249139000000001,0.6149697,-0.57499945,1.7426677,0.85387427,-0.08856368,-0.5036241,-0.35282722,-1.758478,-1.2319406000000002,-0.09163713,-0.76496273,-3.5416055,0.5060935999999999,-0.8312306999999999,-2.3383777,0.34731528,0.46356833,-0.40124148,1.4486003,0.825925,-0.66170883,0.38545,-0.37429646,0.50315607,-0.7610701,1.0129264999999998,-0.8313995000000001,-0.6781965999999999,-0.6955464,0.34008256,0.31042042,-0.31915486,-0.42523775,-2.8255093,1.4635619,-1.0597341,1.8378307,-1.1227206,-0.9760344000000001,0.5793028,1.6352946000000002,-2.1305447,2.1108978,-2.2633095,1.1789261999999998,-3.8879926,0.07246549,-0.122812524,-0.33399470000000003,-0.09679313,0.08076327,-1.8991463,0.2133165,0.34408003,-0.35474807,0.28004247,0.4246094,0.72927153,0.8426304,1.4071453999999999,0.32308468,1.6810223999999998,1.1524148,0.9817698,-1.666693,-0.81303906,0.0020538978,0.04536259,-1.0978795,-0.65053374,0.11840176,1.7344446,0.48583815,0.552579,-0.35640493,0.75491697,-1.8691727999999999,1.7964596000000002,0.6884883,0.7609993,0.611624,-0.3489824,-0.9908253,-0.30632442,-0.017963652,1.7084110000000001,0.69018817,-1.0796223,0.54541737,-0.14442816,1.3757175,0.16367486,-0.9771847,0.49051616,0.37189394,0.25903073,0.10825984,0.3057241,0.37626383
ERLOTINIB,-1.1556084,0.3459647,1.943804,-0.05784019,-2.153864,1.5733938,-3.9906212999999995,2.7965698,-1.9275409,-1.0316468,2.337322,-2.0644658,2.8458157,0.0721948,1.9129965,-0.64086443,-0.24768318,-2.7292132000000002,1.4187246999999998,-2.8516173,0.333943,-3.2173377999999997,0.56734025,-0.48613253,-3.1276283,0.7196494000000001,0.5959760999999999,1.9919685,-0.31160074,-0.37874162,1.0015258,-2.961635,-0.5500251,5.5381765,0.03872944,1.6071805000000001,1.312478,-3.2656548,-4.3089404,1.2328807,2.1110743999999997,1.0203881,-0.67879766,-1.6307395,0.22013960000000002,2.623507,1.8973839,3.1771152000000003,-1.7746142,-1.4926887,1.7154789000000001,-1.4690058000000001,-0.4333351,0.9814358,-3.567945,0.88659185,1.3500707,0.041879557000000005,0.28102675,-3.2169516,-2.1240115,0.37204102,-0.8810146999999999,-2.1615033,3.4813928999999995,0.48883116,0.29137772,-2.5171967,3.1220374,-1.8319435000000002,0.49381685,-0.7340808000000001,-0.14774829,-0.22914341,-0.35133302,-0.8332357,-1.7686819,-0.55430853,0.9265559000000001,-0.22725229999999996,-1.2172155,-2.3443873,0.619163,-5.2471185,-1.2531495000000001,-0.10924287,0.73175263,-3.0884526,-1.0336404000000001,1.1762742,-1.0943205,-2.1274989,-1.1751964,1.5816333,-0.68811977,0.2545509,1.8707828999999998,1.822086,1.1498681999999998,-2.2839150000000004,0.10075079,0.2554604,0.26284266,2.576849,-1.6032481,0.88628256,-0.35619709999999993,-0.22319171,0.84090024,1.9004061,3.1705804,-3.9528122000000003,-0.1213478,-1.2411873,-0.65801877,1.3144151000000002,-2.2632747,-1.5423527,-4.511613,-1.5840546,4.6079473,-1.1004875,-2.3840284,-1.0623753999999999,-2.1437955,-0.11098836,0.5137035,1.9762119999999999
CYCLOPHOSPHAMIDE,-0.20613101,-1.4402037,0.65234035,0.77298063,1.788994,0.59724283,0.7729520999999999,-1.340907,-1.9962933999999997,0.48833877,-0.34145135,0.36684886,0.08156317,-0.8327460999999999,-1.6657848000000002,-0.54441303,-0.3540027,-1.7047085,0.40399808,0.72815615,1.330977,-1.5928892,-0.97008276,-0.15162054,-0.32798514,-1.7593256999999998,-0.24504286,-1.3353578000000002,0.3641238,-0.16044952,-0.739314,1.2320653,-2.22464,-0.7311211999999999,1.3498731000000002,-0.6493048,1.8620776999999997,-0.20756303,0.48525658,0.31101868,0.007347986,-0.19893928,-0.24613753,-0.082060345,1.8174034,0.60476995,-0.39131057,1.376331,-1.1818329,-1.6705256000000002,1.4441091000000001,-0.08774024,-0.020892762,1.0720266,-0.51189286,-2.1740556,-0.8956232,-0.21021222,-1.0934945,-2.0824317999999997,-0.7376515,0.005281831999999999,-1.4826713,-0.61182106,1.3651288000000001,-1.7157023999999998,-1.5768232,-1.5227141000000002,0.26650882,0.37786555,0.7240586999999999,-0.6288234,0.39503258,-0.88874733,0.13227887,0.92970103,0.29612607,-0.104279496,0.4448634,-0.38786256,0.31520808,-0.90572405,0.279711,-0.086987436,-0.7517587,-0.009478763000000001,1.2421155000000002,1.3377538999999998,1.4482620000000002,-2.3730662000000002,-1.7895208999999999,2.4096092999999996,-0.46688409999999997,-1.0917888999999998,0.61818194,1.5852771,-1.9726883000000002,-2.1298234000000003,-1.6444921000000001,0.7012604,-0.20216943,0.18974626,-0.34039795,1.139709,-0.9280715,-0.42988926,0.5713716999999999,0.47306395,-0.7163531999999999,-1.2806286,0.83649135,-0.44552678,-0.2898554,-0.15946629999999998,-0.3534817,1.1581457,-0.9935917999999999,0.03349002,0.95491827,-0.6051156,-0.68008584,1.1105725,0.17487341,1.5567944,-2.719769,2.0831301,0.6142466999999999,0.08766473
5-FU,0.032161057,-0.43738616,-0.84629136,0.465388,-0.4474943,-0.8185845,1.0805162,-1.4397944,-0.75736946,0.47854096,0.28871894,0.06562758,-0.9218415999999999,-0.53974116,-0.7629405,0.35521576,-1.5843903999999998,-0.3198248,-1.8864874,0.5276919,-0.8192456,-0.58702445,-0.25332502,0.5285189,-0.6140273,-0.9693423000000001,-0.39889944,-0.9420482,0.63989204,0.64843154,-1.7421172999999999,0.6267341,-0.67484933,-1.4479486000000001,-0.5094065,-1.4083948,0.16333231,0.48695839999999996,0.3899297,1.7100611000000001,2.0018206000000003,-0.10675792,0.44000852,0.25185734,-0.0025551394,0.4942126,-0.7492116,1.5969687,-0.6999767,1.2137833,0.6319232,0.12400611,-0.12096073,0.36032495,-0.5361130000000001,0.31729767,-0.00796292,0.035069864,-0.46874806,0.12366226,-0.26506808,0.28124154,-0.22999403,0.073150545,0.16263376,-1.4390942,1.6094263999999998,-0.061940443,-0.78948814,0.6463161000000001,-0.9695703999999999,-0.9434353999999999,0.5056164000000001,0.03772411,0.42414486,-0.027937315,-0.21961908,-0.9946325999999999,-0.71076894,0.3746791,0.7115588,0.4902997,-0.8061884,-0.5586849,0.085999936,1.8791074,-0.08098335599999999,0.46416962,0.49556428,-1.3695012,-0.8630093000000001,0.9956049000000001,-0.15843081,0.07056215,-1.0354446,-1.6382071000000002,0.3527002,-0.4084062,-0.6931915,1.153198,-0.46093076,0.5133544,-0.6896259,0.05993112,1.1561774999999999,1.8892258000000002,0.63426924,0.49702454,-0.6759732,-1.7149299999999998,1.3623353999999999,-0.23925844,-0.038041152,0.13432020000000003,-1.5478709,0.46044862,-0.22066702,-1.2957895000000001,0.53684425,0.5764179,0.38747832,-1.0366015,0.49801287,-1.2632331,-0.22851704,1.1417822,-0.8461185,-0.26901020000000003
METHOTREXATE,1.3598641000000002,-2.0564144,0.89343685,-3.0142078,1.1718496,0.14622426,0.8977764000000001,-0.12125188,1.1297711000000001,1.845854,3.9063995000000005,0.87917125,-1.3892153999999999,-0.503444,-3.307357,-1.4528638999999999,0.3212319,-0.19435836,-2.3135774,-0.79304993,0.36543400000000004,-2.787975,0.19586477,1.1947014,2.4199994,0.9384463,-1.6285148999999999,-3.1449409,1.4580378999999999,-1.3803256000000002,3.6646294999999998,1.5692928999999998,-0.06349853,-2.1597192,-0.7283204000000001,-0.3907413,-2.3061258999999996,0.5142983,0.09399786,-0.7940116999999999,1.0909196,0.38497585,0.4625535,2.5301166,-0.45739418,2.5028446,-0.61329925,-3.1459799999999998,0.19474593,1.4633359,-2.2243109,-4.0744677000000005,1.1654725000000001,1.5303152,2.1982374,2.1284053,-1.7660523999999997,-2.1198217999999995,0.88095754,0.13761503,-0.6086018,-2.4045357999999997,2.3350282000000004,-1.1789209999999999,-1.3638518999999998,-1.57669,-0.96373916,-1.7463071,5.2451476999999995,1.201047,0.80506843,-4.2847133,1.3873514,1.8281415,-2.3937068,-1.515153,1.5596838,-2.843799,0.50281143,-2.0242259999999996,2.3546891,-0.39686108,-4.1281786,-0.82065177,-0.80540055,1.4865291,-0.40346658,-3.1200192,-0.04462349400000001,1.2587873,0.47469395,2.4689054,-2.5807965,-0.6357913000000001,0.7034578,-0.32869703,-0.7165289,-2.0446532,3.6677523,-3.3385441,0.35850742,-3.4936402,-0.8059998,1.2377889,-0.5495912,0.29744557,-0.05940447,-2.2699652,1.0276294,-1.1258036,1.0972431999999999,0.6674194999999999,0.9097818999999999,1.3975292,-0.6142482,-0.22367722,0.3751572,3.0924532000000005,-2.7767406,-0.041728582,0.8134465,-0.97542596,-2.4603865000000003,-2.5310762,-1.4265475,1.620309,-0.74023026,-0.34154559999999995
VINBLASTINE,-2.3589625,2.5051973,-8.111085000000001,3.0188515,1.9863213,1.6513108,4.9628983,2.8551154,-0.09948151599999999,-2.53475,-1.0559714,1.9024186,-1.9466486,-2.4237995,2.1609395,-0.85080963,1.4372447,3.0413687,5.028789499999999,7.02055,-1.3077517,-0.6252483,4.6706962999999995,-0.12881699,-3.3455205,2.7990136000000003,-1.5048641,5.2029046999999995,1.9685709999999998,3.1718787999999996,0.17267525,-6.2792244,5.514541,3.560085,1.1307213,-1.5805616000000002,2.1416614,1.5154948000000001,6.829984,1.498664,4.8877825999999995,-2.4921129,7.433834599999999,-5.051653,1.3544223,0.6203026999999999,4.7254024,3.365679,-3.158379,0.6586509,0.45388868,-3.6489248,-4.957046,5.275933,-2.4628384,3.2187798,-3.2626553,1.6023257,5.5328712,-3.322855,4.378699,-0.26865014,-3.0947862,-3.8853385,-2.8993695,-0.85371906,-0.44274095,-1.0760361,6.7247205,1.0509645,2.4337976,-3.9531424,-1.4913565,-0.75791866,-1.4853406,2.633541,-0.8828973,0.89841914,-4.420417,1.3901339,-3.5751187999999994,0.70887095,3.2576970000000003,-2.6726878,3.494795,-7.599994000000001,2.002129,1.3638335,-1.4369836999999999,0.11069241,-0.27386537,4.437005999999999,-0.894077,2.2288535,-1.8646014,-1.3203789,-0.6344049,3.186163,-2.4807463,-1.9436224999999998,-4.186546,3.6291306000000003,-1.8214194,2.073521,-5.437801400000001,-0.8539684000000001,0.37593728,0.09952389,6.307742,-3.028078,-2.8928244,5.2688227,-1.4541107,1.6854131,2.0719252,-2.208014,-2.244134,-3.804876,-3.9354506000000002,-3.1380682,5.647952,-4.4766483,-0.47173515,-3.7421808,-1.4795588,3.732742,2.2208669999999997,-2.5256732000000004
ETOPOSIDE,0.449957,3.3154866999999997,-0.25808907,-6.90888,-2.9419706000000003,-0.7387295,0.69640356,4.4040327,2.2129965,0.34493122,2.9465767999999994,2.0665337999999998,-0.581604,1.4413345,4.2817335,-0.6273972,4.7147055,-2.647869,2.379517,1.1623894,2.2077503,3.2532797,-1.2792768,-1.7212613,2.6042287,1.2739822,0.24263679999999999,2.6051743,-1.8230016,2.5726092,0.8383191999999999,-3.7870673999999998,-2.4717832000000004,-1.0968163,-3.03463,0.07769817,-0.19724204,1.0361794,0.107391074,2.5429892999999995,2.1176145,-1.3530788,0.8408377,-2.9206653,3.1085408,-3.0465183,0.68934375,0.5254404,5.4454975,1.0230033,2.9378428,2.2284744,4.7138834,-2.7368330000000003,-0.6573254,-1.3339658,0.9721129999999999,-2.1952147,0.5009451,3.7067027,1.9735208,-0.9864901,0.23331742,1.6836611000000001,-1.9126316000000003,0.15901369,2.2553914,-6.0107875,4.6214504000000005,1.8599465,2.3704857999999995,1.3862178,-5.014768,-0.3476687,0.21505131,-2.7396933999999997,0.91632736,1.3310221000000002,-2.6506752999999996,-2.7992310000000002,-2.587369,0.07980936,3.2189200000000002,2.5385299999999997,-3.9044602,0.4531779,3.1732574000000002,1.9546546000000002,2.8205667,-5.2889876,0.18735391,-4.8737129999999995,4.361778,-1.9752923999999998,-3.4434876000000005,-0.55729663,0.011741751000000002,-2.2612007000000003,-0.34607604,4.8409853,1.8849661,2.8383380000000002,2.5154278,-1.1826096000000001,-2.2616330000000002,-0.29918808,-0.9924016999999999,-2.4682107,0.16317917,2.1666355,-0.9319314000000001,0.37837932,-1.5847616000000002,-2.1321912,4.8356977,3.4069578999999997,-1.6564518,-3.4466053999999997,-0.31341967,1.2386215,0.96170914,1.8583115000000001,-0.3092793,-5.443973000000001,3.5998747000000004,2.3441813,3.0802996,0.38982874
TEMOZOLOMIDE,0.44866034,-0.16171010000000002,-1.0660194,0.80518764,1.7922993000000003,-0.3772729,-0.8735519,-0.79133725,-1.0440643,0.2401021,-1.2640045,0.75575864,1.6044595,-1.3171027,-1.4722319,0.11225755,-2.6258027999999998,0.34406018,-0.382264,-0.0038270559999999997,0.49603617,-0.046904687,0.72139955,-0.7548438000000001,-0.6795536999999999,-0.5220442,0.9174810999999999,0.113149725,0.9116245000000001,1.7718154,-0.50298715,1.9137495,-0.9587349000000001,-0.41680870000000003,-0.30802584,-0.54740393,-0.77533954,-0.71811634,0.03285625,0.42548100000000005,1.5964018,1.9737393,2.2276492,0.27409870000000003,-1.3772296999999998,0.4391892,0.27870464,0.004294822,0.38312536,1.2494726999999999,1.3435643,-0.18011098,1.4910398999999999,0.6523089,0.30512217,0.15996683,-1.2440773999999999,-0.9754368,0.15962756,-1.6822206000000002,-1.3040999,-1.3266345,0.37721506,0.8958473,-0.7101543,-1.1821392,0.9844378,-0.35847813,0.47344905,-1.022262,-0.525654,-1.448592,0.13897692,1.6100631,-0.9015633,-0.103217125,-0.634705,-0.14066198,0.7904336999999999,0.22098652,-0.14605094,1.8028656000000003,2.8044631,-0.5510919,-1.4230558,1.8206306,-1.9934441999999999,-0.10355070000000001,0.37987283,-0.44506759999999995,-0.4087153,0.12534712,1.0095325000000002,-0.55149376,1.8040105,-0.8038644,0.13234392,-2.5976908,0.40345335,-0.35049585,-1.4736981000000002,-0.12638387,0.71198756,0.98164994,2.1619330000000003,0.9426466999999998,-0.5544617,-1.3058201999999999,0.59515226,-0.52265257,0.07542792,-0.008473054,0.12065457,-0.5582879,-1.6415988999999997,-0.9503499,-0.40753666,0.47690296,0.45001686,-0.27894115,-0.9789285,0.83024204,0.22862044,-0.5854286999999999,-0.6045415,1.001172,-0.6919985,-0.06369914
CARBOPLATIN,-0.5945264,1.3664895000000001,-3.103334,0.8959688,-1.6840578000000002,-0.7590583000000001,1.4522127,-2.2957804,-0.4240487,-0.31648174,-0.7991095,-1.5508423999999998,1.8374951000000002,0.13593288,-3.0578783,-0.57745975,-3.2987937999999994,-0.16408059,0.013706956000000001,-0.80506617,3.4245028,0.9925943000000002,-0.30087295,2.5535419999999998,0.5080435999999999,-0.507488,-0.74508417,-0.44975370000000003,-0.9430190999999999,0.13627583,0.59182554,1.4903362,0.39799842,-0.29165759999999996,-0.7650816999999999,-0.3263486,-0.42063332,-1.9137933999999996,0.15407653,-0.52096677,-2.7667502999999996,1.8318675,-0.8847459000000001,-1.8725201,0.30146540000000005,-0.332525,-0.025769219,1.1719343999999998,-0.19855085,0.008471124,0.2274303,0.93882394,0.9193804,-0.29288220000000004,-0.0010772403,-1.3892784,-0.21902525,-0.8534265999999999,-0.375593,0.14570338,0.58019483,-0.44264319999999996,-1.7354453,2.0467072,-1.4811003999999999,1.0757436000000002,-0.91324407,-1.3261745,0.6766386,1.7623999,-1.8223181,2.6801858,-2.431193,1.4697031999999999,-3.0680485,0.63789904,0.71455795,-0.29223922,0.6104725000000001,0.40777472,-0.80810434,1.4297091999999998,-0.031847373,-0.9392215,0.15241094,0.9572409,0.67056423,0.9104527,1.2269877,-0.0956346,2.052825,0.9068164000000001,0.3923193,-2.5831861000000003,-0.34565246,-0.21632645,1.0614104,-0.14803304,-0.96434855,0.8195033000000002,1.257383,1.8485497,-0.41670024,-0.17270270000000001,0.04235728,-1.7632858,0.72804236,0.70097584,0.61229616,-0.21070506,-0.55910474,-0.35746464,-0.61611485,0.033852965,2.1758938,1.5773262,-0.8863552,1.2723414,-0.5091257,-0.13310933,-0.56113696,-0.40187454,1.2143761,0.63723123,-1.1428789,-0.8098302,0.6971526,0.4306718
DOXORUBICIN,-2.1375662999999996,1.4232208999999998,-2.3652666,3.7382902999999996,2.3245310000000003,0.58765405,-0.8761039,-1.134515,0.45673165,-0.8111698,0.67886716,6.95966,-4.0516872,0.54746133,0.20879117,0.32432124,0.97599417,0.09039093599999999,1.9406177,-5.104188400000001,0.8061906,0.23928978,-0.20325702,1.3189446000000002,0.476049,-2.904213,2.4138339,-3.4387879999999997,1.2910829,0.49416697,-1.4991587,0.29490340000000004,0.43280476,-2.869363,-1.4536239,2.107855,-0.6343663,3.465507,0.16857229,0.9617299000000001,-4.6365905,2.0050776000000003,2.3707306,1.0965381,-0.20830107,-1.2840835,-0.6316253000000001,1.4922565,4.1938653,1.0546106000000002,-0.641726,-1.3303819,3.9005616,-3.7175488,1.8411506000000002,3.0888228,-1.5484387,3.4967812999999994,2.0046988000000003,2.2947655,1.3102227,-4.169224,-4.786633,-1.1647203000000002,0.8337884,-1.1898608999999998,-1.1951358,0.8479011999999999,0.8850053,0.27898920000000005,3.9137989999999996,-4.2763485999999995,6.824640799999999,-2.523042,3.9834726000000003,4.768570400000001,5.1538010000000005,1.2149776,-8.469525,5.816189,-2.1722522,-2.0385451,-0.23647206,0.12747979,0.24013777,0.60849494,-0.57700956,0.980217,0.4280558,-0.20203121,5.0837765,-3.3320762999999998,4.402018,-2.5297213,-0.5049099,2.5403361,-1.3840877,-0.66638935,0.819783,-3.0528274,-3.5146945,2.5342264,4.177474500000001,0.6190426,-2.2909474,-0.17913054,3.0190482000000003,-0.753238,1.0797719,-1.1378282,4.5108504,-2.4707716,0.08863224,-1.5131687,4.142578,0.21456933,0.3583946,0.32552117,-2.318809,1.7376468999999997,3.48494,-3.8502288,-0.48987535,-3.5417788,-4.012972,-3.2803085,1.8955531000000003,-1.0991879
TOPOTECAN,1.7765771000000001,-0.9933708000000001,0.24020216,0.06439744,-2.1859007000000004,-1.0216455,2.6480446,-0.4050654,1.5763661,-2.4406142,0.58371025,5.4460073,-3.8066897000000006,2.0428965,3.1462404999999998,-1.6272354,1.1787506,1.7668282,-3.9821875,0.07955457,1.7100693999999999,-3.2450826,2.1936507,1.7311093000000002,-4.9226294,-2.7757726000000003,-0.37922543,-0.96245056,-0.47269350000000004,-0.93724334,-1.0109484,0.6441931,-3.3296576,2.4588187,2.7034354,1.3138711,1.485187,-3.9510405,-0.04997678,2.7392547,-0.9478141999999999,-0.18305147,-1.0265806,-0.71554554,2.0520813,-0.78258955,0.86140007,-2.158625,3.2503371,0.29602498,0.13083605,-2.3887172000000003,-0.86830103,0.94066817,3.1091075,4.307421,-0.19501907,-5.594599,-3.900785,-3.8873300000000004,-0.12671465,-2.509077,-3.076228,2.231585,-0.81428516,-1.2174302,1.1591365,-0.26806375,1.9058123,2.2712774,0.3818249,-0.12474908,1.2682883,-2.6904237,2.2112842,1.2155572000000001,0.71019125,1.7720938999999998,1.7970370999999998,-2.1760652,-1.6012336999999999,0.61578244,2.0810044,0.22205025,0.55329937,2.8135931,1.2903986,-2.4235860000000002,1.7275813000000002,-0.94491816,2.5656703,-1.931705,2.1706166000000002,0.2928133,-1.220443,-3.3277468999999997,-2.2773657000000003,0.38208437,-3.0688313999999997,-1.1929273999999999,-0.90974516,0.8613536,2.7552097,-2.347259,0.11165287,3.7787599999999997,0.16936219,0.4855973,2.9376662000000002,-3.3869267,-1.3608193000000002,-2.3791316000000005,2.519234,-3.587268,-2.1695666,0.12439513,2.3544869999999998,-0.44154987,2.2594682999999995,1.3858968,-0.30626467,-2.7657392000000005,2.9378033,-1.4420705,-5.5329180000000004,-0.2654654,0.44777307,-3.751704
PACLITAXEL,0.43624473,-2.8610404,-1.3533546,-1.1558264,-1.1569395,-0.9370089,4.151064,2.0667727,1.2349842,-2.9656818,-5.3901962999999995,8.6419325,0.6325021,-0.42396265,1.9930006999999998,5.0438995,-2.2482,2.25217,1.3936429,3.2682045,0.8057814,-0.060918435,4.5721292,0.23949865,-0.014590576000000001,-2.2871704,-4.4770904,4.502961599999999,1.6900294999999999,4.3445415,3.1441512,-0.5949218000000001,0.778227,-1.3451794,-5.4422994000000005,-3.075468,-1.0655084,1.0982518000000001,4.8621836,-3.5144567,0.6572380999999999,-1.5565367,2.0303192,-7.749925,0.9652244000000001,1.0669476,3.1773990000000003,-1.5848262,-2.800534,-2.1418726,-5.4749947,0.89714533,1.1686336000000002,-0.05105748,3.1974092,-2.987034,-1.266646,-3.0823720000000003,0.6181072,3.2044474999999997,-2.6175718,-2.2155397,-2.0309183999999996,0.71016145,-1.3052688000000001,3.4537117,-1.1100309,-4.558186,-1.681878,-1.1945673,0.2801156,-1.6062573,-5.9511957,-4.1747346,5.567557,3.517979,5.601507700000001,-0.14067838,1.1967973,0.02482251,-4.0513086000000005,0.66786903,-0.19243725,-2.8091738,-1.4693747,-2.2943528,0.992078,-0.042619035,3.8010366,-2.2923195,7.492808999999999,-6.081772,-0.07649793,0.13560393,-0.8603936,2.5167262999999997,-1.6805835999999998,4.276537,2.3584847,2.6839542,5.0661016,-1.4069829,0.7660201999999999,3.8852349999999998,-0.9751909,-1.3061612,-4.062949,-1.2931223,0.41008538,-0.2129192,-1.0455722,-2.3717349,-5.344708,2.6032702999999997,-3.1243644,3.2799578,2.7263412000000002,-4.357837,-1.3678643,-1.3924041,-3.3312945,-5.2580485,-0.31965540000000003,3.059746,0.118095025,-3.5101120000000003,0.7438347,-2.8090808
DEXAMETHASONE,-2.7835798,2.2602759999999997,-3.0333693,0.10121186,-2.1665172999999998,-0.41148984,4.044405,1.8528376,-1.9569082999999998,0.20999804,0.5813716999999999,-1.0815132,-4.637511,-0.26648128,-0.24838653,3.9559032999999997,-2.5547824,1.6222188,2.4743392,1.9707153999999998,1.8615023000000002,-3.2402062000000003,-1.150724,0.75966954,1.1292111,0.32952526,-1.4410526000000001,-3.4381633000000003,0.45354208,-4.405951,3.3098724,-1.4162757,0.21530786,4.3125057,0.39393735,-0.86753434,0.81793106,0.16781999,1.2714537000000001,-0.9898386,0.22141576,-0.49955767,-5.284247,-0.29234517,-1.4739966,1.9092141,1.3328044,2.5393653,1.5146444,2.1743257000000002,-1.9866743999999998,-0.20134339,1.3749176,-1.5264939,3.8809254,-0.14739488,-0.8998564,2.7949514,-0.6427421999999999,-7.1966977,0.59182113,-2.2387147,1.3322063999999998,2.3701195999999998,1.8603253,3.6357498,2.0710718999999997,-2.7733022999999997,1.7264799,0.30423167,1.5362046,-4.6862597,2.8916779,-1.5165365,0.38109192,1.1945108,2.5835592999999997,0.6858655,-3.917975,3.5036737999999996,1.4090884,3.399113,-0.07266383,-2.8396149,-0.39837209999999995,-3.06625,-1.7740023,-1.4802688,-1.797666,-0.12413056,0.81352115,-2.083333,2.5419815,-2.5151982000000004,3.7466445,6.180212,5.272976,-1.9560623,0.53893393,4.5296187,-1.8240383000000002,3.0219984,-0.10492006,1.0616313999999998,0.5242157000000001,-0.23720856,3.3290300000000004,-0.2727102,-1.8911188,1.4806204,3.5625415,0.17649728,0.54597336,-7.513502000000001,1.144609,2.594675,-1.5868927,2.5990229,0.15146908,0.6767922,0.23306507,-0.51303893,-2.4627673999999997,-0.8657476999999999,-0.21939798,-4.211536,0.026455298,-1.6162053
DASATINIB,-1.9605887999999998,-0.9998765,1.6607484000000001,2.1387415,-0.9637296000000001,2.5740254,1.4069539,0.7404179,-1.2795587,-2.2477498,2.2133768,-1.641468,-1.2177975,1.1481327,2.2056725,3.5918214,2.7937369999999997,0.7508699999999999,0.22138442,-4.4983225,-2.2478792999999997,0.47498804,0.62225014,-0.22538254,-1.9690078000000002,0.2485446,0.31730187,1.1894399,-1.4773034999999999,-1.9524602999999998,1.3718541000000002,0.41895857,-1.2335283000000001,1.2260833999999998,-0.7065045999999999,0.10830686,1.1253686999999999,0.34219325,-0.39131498,-0.9221168,0.97064346,0.08013976,2.7843150000000003,-0.9224431999999999,0.49347820000000003,0.67169154,2.0824358,0.2801619,0.21529065,-1.8959626,3.8716412000000004,0.5235280999999999,-2.4566545,-0.740658,0.15983708,-1.2307336000000002,-0.48809916,-1.4737756000000002,0.20567378,-3.4941232,1.0514268,2.6509812000000004,-1.4254055,0.010422534,-0.21032988,0.9705748,1.2822403999999998,-2.063822,-0.5640261999999999,-0.7113946999999999,-1.8644730999999999,-2.4726209999999997,-2.7870642999999995,0.79147816,2.7357147,-0.28421324,1.7885084999999998,-1.6377774,-1.7648959,-1.7493138,0.94544506,-2.6519343999999996,3.7329736000000002,0.9792832,-1.3443326,2.4310615,-1.5461873,-0.1079569,0.60129035,0.6609359,1.4626335,-2.8511387999999998,-0.73218846,-0.87327737,-0.9689075,-0.16558734,-0.15776871,0.7547176,2.6968335999999997,-2.0629096000000002,1.4302576,-2.6134652999999997,1.8433683999999997,0.7033514,-3.2419164,5.5185413,-1.1755643,-0.07058918,1.8350002,-2.5932672,0.81987494,-1.8630563000000002,2.326212,0.88848525,-1.2163538,2.7610915,-0.5277828,3.1365502,0.46801144,0.10596707,0.26234022,0.69280005,-3.2310474,1.3015244,-0.74649185,2.1626608,1.2956889,3.8159566
LAPATINIB,-0.6637645000000001,-2.389267,2.3488157000000003,-0.90623164,-3.4208767,-1.2827928,1.2586583999999998,2.4199584,0.87355244,-1.5028104,-0.055107072,-3.8816013,-0.9742206,0.27753887,3.7615627999999997,-0.9564859,-0.52652746,-1.4181503999999998,-1.2281704,1.0143720999999999,-1.7083788,-1.8851823,-0.7099732,0.8221759,-4.806074,-0.28598797,-0.63099587,1.8490936999999998,-0.47602466,-0.7128345,-3.4933472,-0.76019347,0.7098966999999999,3.5004497000000003,0.36015967,2.913416,-0.8585693000000001,-1.4908389,-1.1713004999999999,-0.56642216,-2.7874212000000003,1.8408567,1.0860028,1.6094552,0.5231264,2.1093676,0.84688705,-0.80523825,2.8832400000000002,-0.9431765,2.0636742,-1.2352139,1.6060212999999999,0.65526015,-0.29848513,-1.4873678999999997,1.1636928,-2.6056008,-0.48496205,-3.7458556000000005,-2.09911,0.43716759999999993,-2.9430923,-4.2699914,-0.85713655,1.6828831000000002,0.29454297,-2.8657174,1.9540968999999997,1.3374816999999999,0.9257748,0.22239278,0.992483,1.5320897,-0.86145705,0.073457405,-0.09317975,2.4842715,1.2938378000000001,1.4904295,-2.1242204,0.3357895,-0.9279263000000001,-2.0286689,-2.1322765,1.8923182,0.40765142,-0.8306020000000001,-4.353753,-0.52512693,1.6092582,0.81875885,1.4385883999999998,-0.7890857,1.4952482,-1.4585185,0.16979638,0.3422702,2.499893,-3.9237102999999998,2.9542618,0.2222951,-3.4450762000000004,-0.14221199,-1.7943449,0.9079889000000001,-0.656788,3.220775,-1.5729315000000001,-2.9347775,-1.6909041,-0.74949455,1.5357785,-2.277288,-0.28998935,0.50356054,-3.1803875,-5.3493585999999995,-2.4453266,1.6397494,0.30148270000000005,0.9563825999999999,-0.11665034,0.56981516,-4.4276137,-4.3567266,1.6371177,2.8055167
SUNITINIB,0.64222974,-0.79091054,1.1257361000000001,-0.033977345,3.3285284,-0.69850755,2.2483659,-1.8903998,-1.4377444,-1.029799,0.14500591,-1.2320943000000002,-3.5255272000000004,2.9445498,-1.9637778000000001,-0.04445555,-0.26134282,0.7870654,0.6966691999999999,1.0466069,-3.129745,3.0691004,-1.9911671000000002,1.3094127,-3.4055120000000003,1.9028666,-2.363568,2.5956936,-4.0410857,-2.6834995999999998,-0.19105527,3.2004652,-2.6054133999999998,1.8642902,1.5803133,-2.6028125,0.17495292,3.1774485,-2.153693,2.9386634999999997,-0.34581554,-1.1184374,1.8108422999999998,-2.4816012,-1.0531583,3.7851660000000003,0.24567388,2.2889836,-1.6007248,2.2860825,0.7239544,-3.8988737999999996,1.6688104,-0.40461627,4.850889,-3.4851644,0.04662905,-4.672659400000001,-3.7793927000000003,-1.8864042,3.1928732,-0.6882060999999999,-2.7892501,-1.0962831,-0.16267315,-0.094487876,-0.95630807,-2.2846167,-1.9954261999999998,-6.091729,-0.9508655999999999,1.1509691,0.47519034,1.0420761,-0.9186594000000001,0.90683204,1.3207339,0.63413906,-0.7563354,3.6257269999999995,0.7344299,-1.1668129999999999,-1.5698006000000002,-0.53725785,-5.5101905,-2.047614,-1.3404341999999998,-5.850218,2.4283197,-0.38506576,0.06447871,-2.1183002,-1.9913156000000003,2.4798622000000003,0.35901479999999997,-1.2868434,-0.2640058,-1.1849827,0.7114064,0.99804723,-3.627388,1.4762559,-1.4422877,-4.444717,-3.0600433,3.3315508,3.3033237,2.6024635,-2.534034,-2.8949627999999996,1.9845941999999999,-2.719375,0.42765096,-4.528551,-0.38165229999999994,0.78362006,1.0460343,-5.691595599999999,-0.98653877,0.59752494,4.116809,0.4125014,-0.5264247,-0.8624364,-0.12387395,1.9626759999999999,-3.5824947,2.9593722999999996
GELDANAMYCIN,0.5732678000000001,-2.0038323,0.17955017,-2.208984,-1.6325983999999998,2.6477802,-1.5290209,-4.9791303,-2.5850572999999994,5.8718443,-1.1954392,3.2021449,-7.115778,-6.2472615,-3.6395106,0.08375368,1.9494033,-2.8790617000000003,2.7935022999999997,2.0882110000000003,-1.2369881999999999,3.5124372999999998,2.536419,1.8148848999999998,-1.6325798,-0.5403333,-1.1351913,0.17280167,0.882192,6.119830599999999,7.7690945000000005,0.67500675,-2.1383900000000002,1.3743226999999998,-0.63936424,1.0358185,0.62552816,1.2440525,3.6334245000000003,-0.8576502,1.7495841,-0.92265594,-3.8008373,5.1898394,-3.067542,1.9299693,0.8537116,1.886122,4.4361167,3.3315256,0.97813624,-1.9973158,0.08303991,1.3541096000000001,2.2063092999999996,1.2681133,3.3499339,4.782357,-2.0897367,-0.11830466,-2.5336282000000003,1.410879,-1.7695662,0.5752343000000001,2.6349936,-6.552298,-2.35215,-1.2188171,5.420473,-2.0074810000000003,2.4744155,-0.033800505,3.0496738,-0.13730502,-0.6606141999999999,3.6605108,1.3625903999999998,3.4717593,2.9161463,-2.6776142000000003,-0.89512485,0.5827699000000001,2.8759772999999997,2.1635098,-1.3134798,0.9298751000000001,0.9583461,-4.589761,0.4785928,-2.5007770000000002,4.5513069999999995,-4.9328547,3.2199259999999996,0.33842459999999996,2.903241,-2.114329,-2.452706,-1.6987314999999998,2.29009,-4.17411,5.552482,-1.1786594,2.5945027,2.9422405,-0.83549356,0.6500023,2.7534022,2.516427,0.66431576,-0.4055143,-1.9186163,-3.2041254,-0.70237744,-2.1646774,-0.66819495,-2.0316043,-0.30467167,-2.5015872000000003,3.0199127,-2.0374393,4.2935550000000005,1.853329,3.1644167999999997,-1.0820825,1.1228063999999998,-4.1619678,0.41473866,-3.8740087
ZOLINZA,-0.23779970000000003,1.6261587,0.24992743,2.0728948,-0.89102155,0.171586,-1.3459246,-1.1276431,0.8510021000000001,-2.9999697,1.0954905000000001,-0.9120845,0.84159696,0.8969961999999999,-0.5261511999999999,0.3532489,-0.40402186,-2.9705703,1.9721054,-1.3417323,0.5062322,0.58263284,1.0885344,1.6430346999999998,-0.8445883,0.37280238,0.42217174,-2.0589025000000003,-1.9369956999999998,2.776614,1.2544144,-0.38403930000000003,0.21672481,-0.86520046,-1.6326635,0.7327142,0.7462407,-0.6771050000000001,-2.1561158,-0.29887888,-0.113730304,-0.80165505,1.7089431000000002,0.9804539000000001,1.5442352,0.7256809000000001,-1.1122863,0.9924911,-3.1888330000000003,0.96809053,0.40640667,1.7160449,-0.40911433,1.5821453,0.5150726,1.8202578999999999,0.75165004,1.8997228,-0.2673753,1.2854594,-0.94480854,0.60643417,0.60346085,2.222827,1.061991,1.4586924,-0.6918575,-0.55523574,1.9043456000000003,0.56672966,0.6561286999999999,-1.4235531000000001,-1.905357,-0.9264174000000001,-1.5200209999999998,1.0442488,-1.2080132,-2.9221914,-0.10436323,1.7333729,-0.6217636,1.7926269000000001,0.27956873,-1.6518796999999998,1.2823248999999999,-0.28573272,0.8555049000000001,2.5411634,1.2175152,-0.06077721,0.463376,-1.2370548000000001,-1.7698619,1.7807084,-1.5094141,1.1455001,-1.2473301,0.72444296,-0.4756972,-0.8665655000000001,-0.34788138,-0.71564656,-1.9508376,-1.992329,-0.040825665,-1.6568801,-0.51060176,-0.65868634,-0.45196655,0.10945726,-1.2695478,0.8072038,-0.44813508,-2.504819,-2.438416,-0.3332923,0.5776650999999999,-0.30394790000000005,0.40204559999999995,1.661573,-0.5633844,-0.8004071,-2.720903,1.1390513,-1.2422764,-0.35210788,0.58085936,-0.85976344
SN-38,0.12987909,0.17099656,0.50474393,0.7293899,-3.444068,-0.7265111999999999,2.6492853,0.8821945,2.133542,-2.9390384999999997,-0.07944468,4.7384386,-1.1050142,1.4749264,2.3631287,-2.0112808,1.5047475000000001,2.4694479,-2.829057,-0.14357287,1.5645969,-2.62112,2.844161,1.422695,-5.3155684,-2.3037915,0.5620284000000001,0.027410515,-1.3991333000000001,-2.6129072,-0.6510592,1.1116671999999999,-2.7091122000000003,2.3100755,1.7218653999999998,0.64638424,1.7133113000000002,-1.8674262,1.7322974999999998,3.7403793,-0.73828316,-1.0710728,-1.8523633000000002,0.082606874,0.813303,-0.5130049,0.9800517,-1.740435,1.1416216000000001,0.1550542,-0.036073662,-3.5366687999999993,1.0775398,0.54792804,4.768389,4.551727,1.3222003999999998,-3.1320330000000003,-3.3707767,-2.2782257,-0.21549675,-4.131872,-4.208105000000001,0.40830687,0.120869294,0.20220277,2.6455407,0.13033818,1.3591243,2.6633223999999998,-2.1428056,1.8983848,-0.41217476,-0.9031017,4.387430999999999,0.23809905,2.4344037,0.97319716,1.3501132,-1.8962818,-1.3726124,-0.1079646,2.2721906,-1.3251201000000001,0.6208387,1.5353405,2.4719884,-1.3959669,2.0668173,-1.1712605,3.6233449999999996,-1.0867871999999998,0.90898323,0.5229866,-1.4212703000000002,-3.6016936,-1.5724652,0.74921155,-1.9750516,-0.5564281999999999,-3.3569076,1.3503741000000002,4.917312,-0.46767777,0.26531082,3.6293687999999995,-0.93345225,0.448955,1.9449214,-4.7889667000000005,-2.7460892000000006,-2.2865546,1.4890774,-3.7128654,-0.24066198,2.1659997000000004,2.5386927000000004,1.914382,2.9780382999999997,1.3922943,0.6016965999999999,-1.2661476,3.3043032,-2.1221327999999997,-4.8491087,-1.4913367,0.70145065,-4.450849
MK-8669,-1.2589989,1.315732,3.2345083,-4.036658,4.93153,-1.6704006999999998,8.669428,2.1409979999999997,-0.4991451,2.6184456000000003,-1.2940812,-1.6442398999999999,-5.0585356,-8.190735,2.3468720000000003,7.123689,-2.1397687999999997,4.373953,0.33172172,-3.6817994,1.7490721999999999,3.4556272000000003,-3.9772741999999996,-3.2055067999999998,0.66250706,-1.2421182,-1.5671726000000001,-1.7959101000000002,1.2700416,-0.53531635,4.3856983,-2.3249085,-3.4659572,-4.2593107,-1.48796,3.1457279,5.0645666,-0.04095106,1.8317516,-1.8755716,3.7872446,2.9437029999999997,-0.52828497,2.8855486,-1.1721528,2.1418383,3.6505769999999997,1.3205893999999998,-4.3571653,0.74462795,-0.19012503,-1.4584257999999999,-6.8381023,1.6187459,5.1990495,-2.8048704,0.33586326,-0.13120067,1.9277402,-3.5556676,4.6387653,-0.808002,-5.6524779999999994,-7.81062,-0.39330012,3.5265133,0.17235035,0.67551625,0.28491459999999996,4.1502886,7.330048,-4.835143,-1.6982089,-6.914019000000001,7.559527,-0.16057882,-1.6271371000000001,-2.1840102999999997,0.14500815,-0.18516211,-8.338780999999999,6.3153477,-2.6377482000000003,4.126226,-2.6383731,-3.4079300000000003,9.981810000000001,-2.408688,2.3602896,0.368627,6.928478699999999,-3.5777676,4.5574794,-1.7660142,-4.945894200000001,10.586124,3.3717108000000002,-0.44396383,-4.1373777,-1.7855854,0.7048396,1.6092945,0.028285734,6.4784755999999994,2.8023071,-9.878615,5.8919415,-2.2514347999999997,-2.3147318,0.40655115,-4.732611,-0.4439014,-4.7008532999999995,3.1372998,-3.3871474000000004,2.338168,2.1309272999999997,-5.1546769999999995,-0.62097406,-8.281634,4.091541,4.5187764,1.0560176000000001,0.34540433,-2.4185543,1.5045133,4.768075,1.554253
PD325901,0.71910304,-0.6524333000000001,-0.9707753,-1.0166074,-2.3974137000000004,1.0773491000000002,2.0898576,0.06006804,3.2535107000000005,-0.095490776,-1.2494406999999998,-2.2223017000000005,0.5473913,2.073766,0.9041551999999999,1.165561,0.5872384,0.21962331,3.0749693,0.15274507,-0.95816916,2.9036042999999996,-1.3240893999999999,0.53074706,-1.9212676,0.40327907,1.5232148,4.324698000000001,-0.7035989,1.1686623999999999,0.2648267,3.1041942000000002,0.018939763000000002,0.4955963,-1.952225,-5.8857813,0.20764210000000002,-2.1025877,-3.2673044,-0.34509120000000004,0.09299935,0.26708755,-0.6612925000000001,1.0889051,1.9457259999999998,4.3787255,1.7134047,1.4412204,-2.0090746999999998,-0.5780884,0.5986038,1.4226902,-3.4540116999999997,-1.9881705000000003,-2.1836803,-0.5755595,3.8965576,3.704285,0.5249431999999999,1.3325924,1.1358186000000001,-2.5602543,4.4972687,-0.46004128,-2.7528305,2.4803956,2.0113301,0.04585632,0.7742495,-0.65994483,-3.6346936000000003,-1.2724621999999999,-2.0230572,2.6299837000000004,-0.36214945,2.356393,0.6648938,-2.6798669999999998,0.3653235,-0.8652252,1.5325007,-0.40466934,-0.6345807,-2.8615105,0.56103915,1.2672769,1.8802285,-0.9580470999999999,0.005970397,-2.3052926,-2.8264869999999997,-3.6275127,0.12221216,0.23967004,1.4399708999999998,-0.25978044,-4.7684927,0.31448472,0.3079087,-1.4535303999999998,1.0108925,0.9658203000000002,1.4444413,2.9339573,-2.6523863999999997,0.24910882,-0.38999906,0.88653594,-3.593968,-0.73472637,-3.3768835,-1.3873897,-0.6814034000000001,-0.123326264,-3.3156214,-1.5008326,1.8241494999999999,-0.70168996,0.87702215,2.0876253,-1.1042031,2.3097298,-1.4651034,-1.4265528,-3.0628045,1.1478844,0.40472156,-3.8025365
L778123,0.78722084,-1.2417675,0.52643394,1.5047661,0.046965152,0.50124264,-0.04658208,-0.44519767,-1.066614,-1.2219777,0.9921761,-1.9322186000000001,0.0020261453,-0.28931540000000006,-1.8759398,0.54359555,1.3875798000000001,-1.3740656,0.3614677,-1.6185966999999999,2.4180677000000004,-2.6677353,0.83010894,-0.7679281,0.14772248,0.35505690000000006,0.34464806,1.5922091999999999,-0.8328498,0.0924059,-0.68231285,1.2846727,-1.4051839,0.6051285,-1.7638707999999998,-2.591218,-0.47265872,0.73852634,-0.10586686,0.21414423,0.19685365,-1.6657853,1.4195678,-0.16820449,-0.87829065,-0.96926284,-0.9299523000000001,2.3820452999999997,0.29724488,-0.95401,0.36639565,-0.92117184,-1.0987628999999999,0.3150502,0.9137379000000001,1.9267033,-2.4318757,0.04870797,-0.41645634,-4.15152,-0.19374804,-0.68101233,-2.2136310000000003,-0.8154709,0.5728231,1.6829009999999998,1.5228663999999998,-1.2687912000000001,-0.66426355,-2.568277,1.6705706999999999,1.6469904999999998,0.73819345,0.05938091,0.099249184,-0.092935905,-0.30061495,0.18250811,1.6086502,-2.730471,-1.3408535,0.71751106,1.7160833999999998,1.4009321000000001,-1.7588650000000001,0.6229935999999999,1.2304896,0.82674766,1.5781195,-0.25084937,1.9367002,0.58454484,-1.726893,0.33167687,0.12857345,1.0624448,1.5435691999999999,3.0292692000000003,1.1322553,-1.1446912,-0.14764938,-0.12996587,0.3877272,0.9345575999999999,-2.6889277000000003,2.7418172000000003,-1.6169799999999999,-0.30147254,0.9292627,-1.3258132,-0.7408984000000001,1.2147032,-0.23064391,0.043707675999999994,-0.8522251000000001,-1.5098367,-1.0672096000000002,-1.0670927,2.0047815,-0.13390857,-0.43534157,3.5743039,-2.3560221,0.484318,-0.58739,-0.536846,1.1099582000000001,1.1997758
ABT-888,-0.28987040000000003,-0.43754664,1.1547307,1.8165016999999999,1.6117256000000002,0.48691458,-0.55187106,0.10438089,2.2245672,-0.40041465,-0.8794808000000001,0.7884475999999999,0.9302027,-1.1358844,-3.4495915999999998,-1.9306171000000003,0.4364514,-2.1396816000000003,-0.14766018,1.8107307000000001,1.3703518,0.036085583,1.1823796999999998,0.03167115,-1.2050176000000001,-1.33133,-0.66463417,-1.0419086,-0.9162553,1.225388,-0.6514696999999999,1.0139152,-0.044147607,-0.32484254,-0.6417354999999999,0.5000164,1.0715325,0.9212799999999999,0.93170464,0.76323813,-0.048803136,0.658937,1.5184026000000002,1.512942,0.05980955,0.40112355,-0.21674408,2.0019214,-0.39206612,1.9908918999999998,1.8983974,-0.8414431999999998,0.15479189,0.61784935,0.34534013,0.18894967,-0.6233154000000001,-0.7258474,-1.2488603999999999,-0.8740114999999999,0.03390584,0.86964405,-1.0465605,0.7086431,-0.7429388000000001,-0.4871298,1.756809,-0.75522554,0.62797177,0.6846175999999999,0.46419442,0.48645037,-1.2650466999999999,0.48831844,0.49689192,1.0926461,0.36034346,-0.24196881,-1.8330553,-0.98667085,2.0605826,0.6723977,1.9890259999999997,0.26214504,-0.6282376999999999,-0.9206271999999999,-1.0984441999999999,1.6809449,0.37462083,-1.1279391,0.059890803,0.32217979999999996,-0.20311244,0.6549419,1.5132623,-1.0450496999999999,1.7061554,-0.15306604,0.82025754,-0.1004799,-1.5503775,-0.78265643,1.033189,1.8526093000000001,-1.3165495,-0.041396044,-1.0180956,0.4207589,0.50286573,-3.1972156000000003,0.8297791999999999,-0.93238074,1.7404546000000003,-0.59023595,-1.534176,-0.12944245,0.43611809999999995,-1.2346481000000002,-0.48701856,1.0523566999999998,1.6320348,0.93446296,-1.2239666999999999,1.2371558,0.42588794,-0.07977258,-2.1388443,1.2130201999999999
BEZ-235,1.4071455,-1.368884,-0.24532323,-1.1297958000000001,1.0779258999999999,0.31847522,0.1226482,1.0881816,1.7243611,-1.2621418,0.42475450000000003,0.11947895,-0.015771257,-1.0085737,-1.7591966,-0.58046496,0.012839068,2.0148613,-3.8273191,0.00032538734,3.4094613,0.63443846,0.8055503,1.0122290999999999,-4.951206,1.1691313,-0.97905046,-1.8570513,0.97532463,1.5549903999999999,-1.6734973000000002,-0.90642774,-0.18442089999999997,-0.21748270000000003,-2.5824447,-2.0237045,0.3132446,-0.37353668,1.4791346,0.23883265,1.0176773000000001,-0.12555876,-0.7490524000000001,1.0363016999999999,-3.819295,0.87747604,0.9189632,-1.5963366,2.9521197999999997,5.321903,0.89311343,-0.106211185,-1.7395424,0.9289866,-0.7049304,1.1918423999999999,-3.0858617,-0.37586635,-2.8113997000000004,-3.4348052000000004,0.32628337,-0.79530543,-0.42812073,-1.3696568999999998,2.42529,1.4321861999999999,-0.5780628999999999,-0.04878353,1.3958795,0.54567164,3.5537650000000003,-1.7932236000000001,3.630123,-0.41949773,0.7607134,0.08380057,-1.3548648,-1.0916065000000001,1.3969506999999999,-2.7698338,-1.599659,1.020034,4.5872283,-1.6237551000000001,-0.70281285,2.8670123,-4.4401774000000005,-2.401304,-2.8591352000000003,-1.5216068999999999,-0.60608256,0.19183332,0.33191106,1.1226312,-2.9358767999999995,-2.9895153,2.8205202000000003,1.3763869,0.5927439999999999,0.7774047,0.28452834,-0.04988486,0.1693047,0.6173093000000001,-0.5509015,2.7761827,-1.9073019,-3.4180057,-0.44396433,-0.68161017,-1.8257294999999998,-0.9859960999999999,1.2219741000000002,0.50142896,-0.31931418,-1.1098043,-1.339898,1.5032934999999998,-2.6396357999999998,0.019790277,-3.074912,0.40855128,-2.5768174999999998,-1.2201933,-1.6976768,-0.43021291,-0.68208784,2.675687
AZD1775,1.8489183,-2.3847923,-1.1877556,-0.43580133,1.7628138999999998,0.86025447,-0.0068934745999999995,1.2114935,-0.49485332,-1.3321778,-4.2522373,0.26942667,-1.8242352,-1.9032737000000002,2.3849633,-1.8304254,1.2929007,4.6062389999999995,0.8643025,-6.1495857,-1.6990967000000001,-1.2024692,2.6575966,-0.31952935,1.0076035,-0.84136224,0.4004271,1.1778642,0.0111147165,-2.4730613,-1.1172203,-0.0676057,-1.7029990000000002,3.543481,-1.8143096,1.2032684999999999,1.3042453999999999,-1.1798598,-0.91654825,-0.16491595,-2.4390996,3.2257872000000005,2.8688781000000003,-0.46107167,-2.1473843999999995,-2.2623842,2.0812073,-0.88141334,0.5335274999999999,0.30812480000000003,1.3598918,-2.2366474,0.15533754,0.006858118000000001,-1.3313306999999999,0.44327652,-1.8252445,-1.8368479,-4.0940948,1.1526011,-1.4470863,-0.39180905,-0.73619634,0.8931526,1.3097746000000001,0.9785209,0.23189875,-1.8192581,1.1711742,0.56989086,-0.7966119,-0.9701156999999999,-1.2149857,1.6129963,0.31936082,2.5384495,2.5865254,-0.8641970999999999,0.46411583,0.9198091,-1.1896334,-1.518289,1.0347989,0.67082655,0.29045254,3.8664660000000004,-2.2890542000000003,-0.40031300000000003,-2.4351726,-4.276774,0.72749835,-1.5264131,-0.19736253,-0.1629889,1.5043198,-0.85905504,2.032648,1.0196675,1.3392621999999998,-2.4824033,-0.22437039999999997,1.2119913,-0.008474804,-2.44735,-0.9025764999999999,2.9541261000000003,-1.6449966,1.7582194,2.1054060000000003,-3.6719623,-2.837698,-1.6677673,0.9809091999999999,-1.9920620999999998,-0.83097947,1.2125167,0.48234886,-1.2178088,-2.0646107,-0.99147147,0.6513869000000001,2.112607,0.57742417,1.7096189,-1.2140381000000002,0.83733344,-0.05014996,2.0481386
MK-4827,0.9024419,0.23314181,0.9780521000000001,-0.108637914,2.9672892,0.68715876,1.7694566000000003,1.7007232,0.9559726000000001,1.0047346,0.17357787,-2.173102,3.0767697999999997,2.1069026,-2.5289686000000002,-0.20165259,0.9044171999999999,-1.5203924,-1.8088408999999999,-0.13770063,0.3193853,0.67620856,2.954981,1.6465291000000002,2.0740159,-0.83370495,0.6045764,0.61402917,-1.1346365,0.8935516,-0.10049258,-0.028685473,0.31947932,0.29733542,-1.9735563999999999,-2.5299207999999997,-0.42271674,2.1287274,0.6145045,-0.33015713,-2.2449633999999996,-1.3954905,0.8273878,-0.6218685,0.8399517,0.2500809,0.36734366,1.3456405,-1.014644,-0.19668087,0.7862591999999999,0.068314634,0.5130539000000001,1.9980916000000002,1.3530211,-1.2206035,0.89950794,0.23846942,-1.8928343,-1.2548435,0.071055345,-1.7303263,-1.2371007,-0.80322415,1.0518715,-1.2750837,2.0230045,-0.44327602,2.7986855999999998,1.2768792,0.38279074,-0.52955955,-1.095266,0.30552524,-0.53957146,0.08039865,-0.11854206,-0.58387023,-0.27374570000000004,-2.0814774,0.67407036,1.2411184,0.6985037,2.3495896000000003,-1.0170413,0.24483508,0.3691948,0.6932826999999999,-0.52831817,-1.5364333000000001,-1.1229314,0.07575054,0.11091426,0.7567007,0.88436985,-2.0170922,1.0975447,-0.8168458000000001,1.6732517,-0.89799464,0.43938527,-1.0181489,-1.3887459999999998,-1.4959171,-0.86853534,-0.74065256,0.88579917,0.43610662,-1.2375908000000002,-0.91132104,-0.71722984,-1.4432716,-0.43768626,0.11930468,-0.7263531,0.27420688,0.40767384,-0.4614705,-1.6577984000000001,0.462114,0.120801434,1.7837275000000001,1.9572121,0.5804235,0.0651352,0.15265706,-0.20368826,2.2847586
MK-8776,0.69331026,3.1157734,0.8231451999999999,-1.8674932,2.4179559,2.759564,2.6029937000000003,1.1927168,-1.6000948999999998,0.91305244,-0.9349853000000001,-1.6291864,1.1338121,0.23522212,-0.654995,0.52730626,1.085884,-0.38967090000000004,-1.1003351000000001,0.0010510888,-0.96133786,1.0976351,0.47202796,-0.46849123,0.3054814,-0.35569227,1.1712028,-0.27954525,-1.2523965,-0.027602843999999998,-1.3128207,0.9532356,-0.07967789,-1.5550321000000003,-0.45577514,-4.0989437,0.35419267,0.6539719,-0.11012697,-1.4612566,-4.168725,0.69703764,0.84036577,-2.722683,-0.97276574,-1.0323999,-0.6588628000000001,1.7501076,1.0795416000000002,0.6769042,1.0808152,-2.4425334999999997,-0.6656523,0.85461175,0.9286015999999999,1.6420403000000001,-0.5969011,-0.414152,0.12298461,-1.4681307,1.2592747,1.4084166,0.25765133,-2.2560077,-1.3238641000000002,-1.5611839,3.6859806000000006,-1.5631211999999999,2.3462987,2.8168523,-0.0794105,-2.156397,-1.4975795,1.757613,-1.9998198,1.1266128,-0.65787,-1.6602241000000002,-1.2514728000000002,0.3567136,-1.3753711000000002,-1.2501413000000001,2.1229615,-0.7076833,-0.5317189999999999,0.41642067,0.3555162,1.3842123,0.5101766,-1.8283962,-1.0629022,-0.87826484,0.86438113,-0.789898,-0.39477122,0.25832105,3.3567519999999997,-1.496751,1.4343746000000002,-1.0573409,-0.8405935999999999,-2.0943234,-0.820692,-0.19569167,-1.9838220000000002,-1.4289595,0.68463016,-1.7794318,2.6350267000000005,0.07912623,-2.687423,-0.6532498999999999,-0.35120466,0.08603094,0.6244381999999999,2.3930125,-1.0936373,1.0432485,-2.934877,-0.23784688,1.6649733,-0.028612703,0.71659905,-0.26828906,0.68647796,0.68376315,0.94838244,0.8521662
DINACICLIB,1.577906,2.821758,0.5572746000000001,-1.8812627,2.1471827,-4.2715096,2.2137601000000005,0.037837277999999995,-2.0065317,-3.5743322,1.4778966,-1.2868001,-3.7409470000000002,-3.256201,-0.48344228,2.6595744999999997,-2.5995642999999995,2.53658,-1.5278275,-1.2342868,0.7269364,-0.4476992,1.2872283000000002,-2.2558086,0.03184638,-0.06317957,4.701339,3.0320146,-0.34681472,0.81349117,-1.6116652,-2.303486,-1.851866,1.0152371999999998,-0.86582565,-0.05305485,0.6415478,4.0874166,-2.254559,0.5172515000000001,-4.2565975,2.728644,1.4519739,-0.66233164,1.2072902,-0.98237437,-1.4765742,1.0466962,0.90174335,-0.14419377,4.737814,-0.5438052,-4.8624529999999995,0.27851945,0.8878179,-1.2194068,-1.4580338,0.6414211999999999,0.50181794,-2.114879,2.1765265,-1.7276498,-0.6370551,-0.8076724000000001,1.5865040000000001,-0.7011723000000001,1.3007223999999997,-2.4338439,1.4617052,-1.1082218000000001,1.6543176,1.3704395,0.8156026,-0.5591347,-1.3915503999999999,2.6309407000000005,-1.68891,-1.4960129,-0.19633955,1.0216514,0.0154220015,-0.010778071,1.2512059,-5.481908,-1.4538293,-2.3378023999999997,0.15405312,-3.9215572,0.00569925,-0.2608248,-3.1229169999999997,0.26793763,1.8064921000000003,-0.52498037,-0.94411385,-1.1264668,-0.8731253000000001,4.5223827000000005,-0.46333238,-1.8911135,-0.3228674,-1.1175969,-1.374028,-0.5180771,1.3649616000000002,1.3217572,0.5975417,0.45276505,-0.9435608,0.6520569,-3.0037909,1.1416228000000002,0.8739144,-0.71323615,-1.7242502,4.8830028,0.48361665,0.031278845,-0.22166014,1.8572323,0.14367034,0.820875,-0.29762578,1.6853424,2.093296,0.34540063,0.49236545,0.16771644
MK-5108,0.50849205,-0.8224693000000001,2.0219343000000003,-0.029781781,0.14095208,-0.81454986,-3.1827447,0.32099520000000004,0.44308025,-1.3668011,-1.1381123,-0.89227617,-2.5076384999999997,-0.9416814,0.41969922,0.15868127,2.4083872000000004,-3.8938472,-1.1397899999999999,-2.396248,-1.6967082999999998,-0.6543143,-1.3007034,-0.5937854,-1.31951,-0.7280173000000001,3.4327183,-1.5558121,-0.26362340000000006,-0.8802899,1.1512163,1.1546755,-0.66773635,2.5793777,-1.1111323,-0.896042,2.1134472,3.195965,-1.1522667,-0.618373,0.42904586,-0.8793735999999999,3.1123106,-0.7095374,3.0853722,2.9376022999999996,3.0178032000000004,0.6471014,0.39434192,1.6249949,1.8033043000000002,-1.032678,0.46645352,2.2042064999999997,1.9048426,0.1934221,0.04415918,2.0470986,0.5130729,0.015546001499999998,0.9969406999999999,0.15520844,0.17954293,-0.6990956,-1.5157038999999999,0.2546349,2.4690397,0.34338158,0.0030947415999999996,0.5671875,2.0529792000000002,-1.623791,-1.0947828000000002,-0.40744713,0.1502114,2.3478396,-0.37534088,0.8443940999999999,-0.09927909,0.40295759999999997,0.4714267,-1.5666813,0.23683098,-0.9530117,0.7911832,1.6468743000000001,-1.1860509,0.8250796999999999,-0.8717089,0.2342743,0.13735716,-0.03772244,-3.0616271,-2.4454732000000003,1.4265739,-1.5822173000000002,-1.2205031000000002,1.1852423,2.4020843999999997,-0.9489882,2.8565302000000004,-0.48184362,-0.1613535,3.1725905,0.30065742,0.5600930000000001,-1.7832331999999997,0.6287077,0.4537733,-2.421188,-2.2147857999999996,-2.6245296000000002,0.11450681,2.076334,0.09057185,2.226084,1.5010780000000001,-2.1014867,-0.7080896,0.5772892,0.42696115,-0.2570947,-1.7290108,-0.44059214,-0.30511433,0.7724424,0.5720538000000001,-1.4455806
MK-2206,1.6611092,0.39803990000000006,0.5255416,-0.50665826,0.27783009999999997,0.01951326,2.5027282000000004,-0.3002999,-1.2471682,-3.1211066,0.7187635,1.3308513000000002,0.65393823,-0.5880506,0.17265762,0.58325136,-0.6406215999999999,-0.089359686,0.13546875,-2.825568,1.4070829,-2.277845,0.5468809,-0.1257217,-0.090690345,0.11975993,2.2156415000000003,0.9886304,-1.0091794,1.2811246,0.18137774,2.5268476000000004,0.57429236,0.012191746000000002,1.6246599,-3.318435,-2.1184096,9.909272e-06,0.7902663000000001,1.6820471999999997,0.6608453000000001,-0.39173752,0.9870296000000001,0.17940632,-1.0804873,2.6344535,-1.5845505,-0.67291874,0.13663994,-0.2847206,1.2626083000000001,-2.1168096000000003,0.87510306,-0.19076928,1.1883774999999999,-0.794196,-1.8210218999999996,0.08762831,-0.46850416,0.36199027,-0.36892465,1.4703998999999999,0.77549106,1.3069870000000001,-0.16023339999999997,1.3101933000000001,-0.10792944,-2.1304202,0.39004296,1.6803023999999998,0.27687985,0.6299020000000001,0.25298923,1.2836118,0.5187946,-2.669462,1.0138849,1.2350978000000001,-0.9508436,-1.9163432,-1.218452,1.7549058999999998,0.6122763000000001,-1.9788979,2.3499682,1.2239507,-4.2197059999999995,-0.5157797000000001,0.8354599,-1.8193036,0.40816203,0.9985994,-0.4294895,0.29885453,1.2831217,-2.571946,0.50341415,2.664447,-1.5332354,-0.8904690000000001,0.027194997000000002,1.4905201000000001,-0.28579602,-0.9235392,0.9354039000000001,-0.38141882,-2.3299258,-0.5259953,2.3065697999999997,-2.3814487,-2.6404216,-3.187345,0.111471266,-0.9642801999999999,-0.3109364,1.3537836,-1.0556847,1.7207538,-2.2139938,0.18405455,-1.0166574000000002,-0.5319108,1.2243058999999998,-1.9650341,-2.3255885,-0.49044132,0.025392837999999997,1.6397436
MRK-003,0.18724066,-0.46605630000000003,-1.8292054,-0.0010196827,1.4081636999999998,-2.1080232000000003,3.1051521,-0.64704555,-0.9302799999999999,-1.8470043999999999,-0.4409474,-0.21064115,-1.7656226000000002,-1.4087875,-0.9243176,0.00094587356,-1.6036639,-3.2468863,1.2530673,1.548608,1.2700863000000002,-0.4627062,-1.5268735,-1.9971153000000001,0.14233238,-2.0639439,-4.744031400000001,1.6249571000000003,-2.2914847999999997,-0.23026334,0.5199172000000001,-0.49961457,-0.59770626,0.96806973,0.30285242,-0.6530100999999999,-0.040340155,0.96478873,1.0919101999999998,0.76779526,0.83926153,1.0713778,-0.033942334,-1.8533126,1.8935971999999999,-1.7694031000000003,1.4880873,-1.5411081,3.5488942000000003,-1.2223341,-1.0062937,1.0080035,1.2696028,1.1971595,0.89964795,-1.5791924,-1.0587165,-0.41228145,-1.332508,-0.80371374,1.3622601,-3.5509044999999997,-2.2596729,0.61838293,0.7996154999999999,3.3075445,-1.1857128000000001,-0.4001755,-0.20066660000000003,-2.9898717,-0.8953518,-0.22158119999999998,-0.009589516,1.3022288999999998,0.32325825,0.83475524,0.74095744,1.0435853000000002,2.303266,-2.2717824,0.45985925,1.3873122,2.3668744999999998,-0.85191387,-0.8801770000000001,1.7164333999999999,-2.032229,0.28260642,0.6965053000000001,-0.83367044,1.409258,3.0392772999999997,-2.4193723,1.9452673999999999,0.65332425,1.7775731,0.46513873,0.3243351,-1.2808465,-1.7840296000000002,-1.4883183999999998,-0.47925106,-1.2137673999999998,2.9466944,-2.5923548,2.8665679,1.0698355,1.020281,-0.07307438599999999,-1.5125295,-2.722207,1.4186124,0.7090901,-0.3745418,2.056476,3.3489410000000004,-1.9324857,-3.6200379999999996,-0.24178189,2.1032186,-0.17649919,-1.5283681999999998,0.9522280000000001,2.2334224999999996,-0.33094559999999995,1.1710223999999998,3.2735974999999997,0.5238141
MK-4541,0.40085036,1.5377543,1.5489035,-1.3304943999999999,-1.5857602,-0.39766964,0.09878790400000001,0.26770553,-1.2601207,0.16469857,-1.0871736,-1.1736434999999998,-0.8564866,-0.11053395,-0.057639685,-0.9471268,-0.29253563,-3.2350017999999996,1.3675877,1.3986652,2.5158028999999997,-0.62795395,0.8493003,-4.0315113,-0.5105619,0.27038813,-2.1752071,0.005007401,0.84470356,2.4105287,3.1053815,0.052824967,-4.1697793,0.8334914000000001,1.5337433,1.6388738999999999,-1.2359102,0.8396669,-0.8807223,-1.6837601999999998,-1.0912588,2.433793,-0.5194272,-2.1217172000000004,-0.4031666,1.7253995,-0.88999754,2.7181304,-0.24678144,-2.3445072,-1.0355283000000002,-1.6818705000000003,-1.5091700000000001,2.35966,-0.2371945,0.7588212,0.16225126,1.7695183,-1.2077605,-1.2093116000000002,0.0041295737,-2.4435234,1.2778739,3.0630999,-0.15275364,0.97503966,-1.4163396000000001,-0.42529082,0.7075545999999999,0.20139278,2.0208318,0.22912523,-0.95899385,0.6980219,-0.62870383,0.7248676,3.8750093,-0.103025764,-0.57695705,-0.8867116,-0.09005246,1.4642841999999998,1.0144087,-0.22968367,1.177022,1.6760712,0.23410408,1.7726908,-2.2701502000000002,-1.5371639,-0.9269748,-0.038753197,0.38983285,0.13920778,2.2248957000000003,3.4973197,0.7836498000000001,-1.2514999,-3.0588648,-1.7002596,-2.421061,1.6923944,0.61478436,1.9074331999999998,1.2829247,-0.70729345,1.9814691999999998,0.42228119999999997,0.92299265,-2.7309900000000003,-1.6379299999999999,-2.2960515,0.10454257,1.3013103000000001,-0.6386026,2.7593637,0.54186875,0.20907694,1.1451666,0.121541314,-1.6085684999999998,0.027851893,0.9004617,0.0016556643,2.9188654,-1.8134143,1.327977,-0.51246524
